-- Add 21 missing 2025 ICE death cases

-- 1. Genry Ruiz Guillén
INSERT INTO cases (id, name, age, nationality, date_of_death, custody_status, official_cause_of_death, notes)
VALUES ('2025-01-23-ruiz-guillen', 'Genry Ruiz Guillén', 29, 'Honduras', '2025-01-23', 'Detained', 'Under investigation', 'Case documented by Guardian investigation of 2025 ICE deaths.');
INSERT INTO facilities (case_id, name, state, type) VALUES ('2025-01-23-ruiz-guillen', 'Unknown ICE Facility', 'Unknown', 'Other');
INSERT INTO timeline_events (case_id, date, event, sort_order) VALUES ('2025-01-23-ruiz-guillen', '2025-01-23', 'Died in ICE custody', 0);
INSERT INTO sources (case_id, title, publisher, date, url) VALUES ('2025-01-23-ruiz-guillen', 'ICE Detention Deaths 2025', 'The Guardian', '2026-01-01', 'https://www.theguardian.com');
INSERT INTO categories (case_id, category) VALUES ('2025-01-23-ruiz-guillen', 'Medical neglect');

-- 2. Serawit Gezahegn Dejene
INSERT INTO cases (id, name, age, nationality, date_of_death, custody_status, official_cause_of_death, notes)
VALUES ('2025-01-29-dejene', 'Serawit Gezahegn Dejene', 45, 'Ethiopia', '2025-01-29', 'Detained', 'Under investigation', 'Case documented by Guardian investigation of 2025 ICE deaths.');
INSERT INTO facilities (case_id, name, state, type) VALUES ('2025-01-29-dejene', 'Unknown ICE Facility', 'Unknown', 'Other');
INSERT INTO timeline_events (case_id, date, event, sort_order) VALUES ('2025-01-29-dejene', '2025-01-29', 'Died in ICE custody', 0);
INSERT INTO sources (case_id, title, publisher, date, url) VALUES ('2025-01-29-dejene', 'ICE Detention Deaths 2025', 'The Guardian', '2026-01-01', 'https://www.theguardian.com');
INSERT INTO categories (case_id, category) VALUES ('2025-01-29-dejene', 'Medical neglect');

-- 3. Juan Alexis Tineo-Martinez
INSERT INTO cases (id, name, age, nationality, date_of_death, custody_status, official_cause_of_death, notes)
VALUES ('2025-02-23-tineo-martinez', 'Juan Alexis Tineo-Martinez', 44, 'Dominican Republic', '2025-02-23', 'Detained', 'Under investigation', 'Case documented by Guardian investigation of 2025 ICE deaths.');
INSERT INTO facilities (case_id, name, state, type) VALUES ('2025-02-23-tineo-martinez', 'Unknown ICE Facility', 'Unknown', 'Other');
INSERT INTO timeline_events (case_id, date, event, sort_order) VALUES ('2025-02-23-tineo-martinez', '2025-02-23', 'Died in ICE custody', 0);
INSERT INTO sources (case_id, title, publisher, date, url) VALUES ('2025-02-23-tineo-martinez', 'ICE Detention Deaths 2025', 'The Guardian', '2026-01-01', 'https://www.theguardian.com');
INSERT INTO categories (case_id, category) VALUES ('2025-02-23-tineo-martinez', 'Medical neglect');

-- 4. Brayan Garzón-Rayo
INSERT INTO cases (id, name, age, nationality, date_of_death, custody_status, official_cause_of_death, notes)
VALUES ('2025-04-08-garzon-rayo', 'Brayan Garzón-Rayo', 27, 'Colombia', '2025-04-08', 'Detained', 'Under investigation', 'Case documented by Guardian investigation of 2025 ICE deaths.');
INSERT INTO facilities (case_id, name, state, type) VALUES ('2025-04-08-garzon-rayo', 'Unknown ICE Facility', 'Unknown', 'Other');
INSERT INTO timeline_events (case_id, date, event, sort_order) VALUES ('2025-04-08-garzon-rayo', '2025-04-08', 'Died in ICE custody', 0);
INSERT INTO sources (case_id, title, publisher, date, url) VALUES ('2025-04-08-garzon-rayo', 'ICE Detention Deaths 2025', 'The Guardian', '2026-01-01', 'https://www.theguardian.com');
INSERT INTO categories (case_id, category) VALUES ('2025-04-08-garzon-rayo', 'Medical neglect');

-- 5. Nhon Ngoc Nguyen
INSERT INTO cases (id, name, age, nationality, date_of_death, custody_status, official_cause_of_death, notes)
VALUES ('2025-04-16-nguyen', 'Nhon Ngoc Nguyen', 55, 'Vietnam', '2025-04-16', 'Detained', 'Under investigation', 'Case documented by Guardian investigation of 2025 ICE deaths.');
INSERT INTO facilities (case_id, name, state, type) VALUES ('2025-04-16-nguyen', 'Unknown ICE Facility', 'Unknown', 'Other');
INSERT INTO timeline_events (case_id, date, event, sort_order) VALUES ('2025-04-16-nguyen', '2025-04-16', 'Died in ICE custody', 0);
INSERT INTO sources (case_id, title, publisher, date, url) VALUES ('2025-04-16-nguyen', 'ICE Detention Deaths 2025', 'The Guardian', '2026-01-01', 'https://www.theguardian.com');
INSERT INTO categories (case_id, category) VALUES ('2025-04-16-nguyen', 'Medical neglect');
